Method,Name,Error,Occurrences
GET,"/search?q=locust&google_abuse=GOOGLE_ABUSE_EXEMPTION%3DID%3D3b15660893da1c7b:TM%3D1741337527:C%3D%3E:IP%3D102.0.6.98-:S%3DpVog8FXI4gpyIi_9eHyNyQ%3B+path%3D/%3B+domain%3Dgoogle.com%3B+expires%3DFri,+07-Mar-2025+11:52:07+GMT","ConnectionResetError(10054, 'An existing connection was forcibly closed by the remote host', None, 10054, None)",1
GET,/sorry/index?continue=https://www.google.com/search%3Fq%3Dlocust&q=EgRmAAZiGMnnqr4GIjBVaiAnozxI1D8BFOvZkROQUMxnglyc69Brl6gR3cXl3fOgbLFQH07fdipIpG0VMhQyBj5qY25kcloBQw,"ConnectionResetError(10054, 'An existing connection was forcibly closed by the remote host', None, 10054, None)",1
GET,/sorry/index?continue=https://www.google.com/search%3Fq%3Dlocust&q=EgRmAAZiGL7nqr4GIjD3MQb5jJzG3L113tbMGw0yyY_R7mu2kWBZQCTHlz7heRLJs4gmSZbCUIjIAtBJIVwyBj5qY25kcloBQw,"ConnectionResetError(10054, 'An existing connection was forcibly closed by the remote host', None, 10054, None)",1
GET,"/search?q=locust&google_abuse=GOOGLE_ABUSE_EXEMPTION%3DID%3Dc813e03332ebde18:TM%3D1741337531:C%3D%3E:IP%3D102.0.6.98-:S%3DqGGOGQh3ESXwPTzQWhquPw%3B+path%3D/%3B+domain%3Dgoogle.com%3B+expires%3DFri,+07-Mar-2025+11:52:11+GMT","ConnectionResetError(10054, 'An existing connection was forcibly closed by the remote host', None, 10054, None)",1
GET,/sorry/index?continue=https://www.google.com/search%3Fq%3Dlocust&q=EgRmAAZiGNLnqr4GIjC07XljJWOXiU6gbD8brw-z7kZ-jn3PtunI6QGfQH9mNQ5N1e-KJ1HgastiixnqLQAyBj5qY25kcloBQw,"ConnectionResetError(10054, 'An existing connection was forcibly closed by the remote host', None, 10054, None)",1
GET,"/search?q=locust&google_abuse=GOOGLE_ABUSE_EXEMPTION%3DID%3D86c9eec1eca77e0b:TM%3D1741337526:C%3D%3E:IP%3D102.0.6.98-:S%3DoBDTAPSNyqm_meDGXmmngg%3B+path%3D/%3B+domain%3Dgoogle.com%3B+expires%3DFri,+07-Mar-2025+11:52:06+GMT","ConnectionResetError(10054, 'An existing connection was forcibly closed by the remote host', None, 10054, None)",1
GET,/sorry/index?continue=https://www.google.com/search%3Fq%3Dlocust&q=EgRmAAZiGLvnqr4GIjDlIGPTFaJsN_07fGgTbb9fLpFGF3DZozwyiXArMVsiDxIyA4xnK53lWpTpRM_jSxMyBj5qY25kcloBQw,"ConnectionResetError(10054, 'An existing connection was forcibly closed by the remote host', None, 10054, None)",1
GET,/sorry/index?continue=https://www.google.com/search%3Fq%3Dlocust&q=EgRmAAZiGMHnqr4GIjC9VfQScA5oR_xFNLHEXW4u_HUuY98nDGlv8CqERc6OZKSsqK_tLQT19pL9FxxbHtAyBj5qY25kcloBQw,"ConnectionResetError(10054, 'An existing connection was forcibly closed by the remote host', None, 10054, None)",2
GET,/sorry/index?continue=https://www.google.com/search%3Fq%3Dlocust&q=EgRmAAZiGLznqr4GIjAe0J6mKU_pGw3kBTtxzpXxLYwIbMfLKdoEnVCVxCBnmhpQpHZD_RY9P4ZPVEiUvNYyBj5qY25kcloBQw,"ConnectionResetError(10054, 'An existing connection was forcibly closed by the remote host', None, 10054, None)",1
GET,"/search?q=locust&google_abuse=GOOGLE_ABUSE_EXEMPTION%3DID%3D455a6660b2c8d19f:TM%3D1741337526:C%3D%3E:IP%3D102.0.6.98-:S%3DgpJYDe-jV6st3TY_9Nc7Bg%3B+path%3D/%3B+domain%3Dgoogle.com%3B+expires%3DFri,+07-Mar-2025+11:52:06+GMT","ConnectionResetError(10054, 'An existing connection was forcibly closed by the remote host', None, 10054, None)",1
GET,"/search?q=locust&google_abuse=GOOGLE_ABUSE_EXEMPTION%3DID%3D411cbbed41e74f52:TM%3D1741337542:C%3D%3E:IP%3D102.0.6.98-:S%3Dcx12X7WsizxAuLROO7O_Cw%3B+path%3D/%3B+domain%3Dgoogle.com%3B+expires%3DFri,+07-Mar-2025+11:52:22+GMT","ConnectionResetError(10054, 'An existing connection was forcibly closed by the remote host', None, 10054, None)",1
GET,/search?q=locust,"ConnectTimeoutError(<urllib3.connection.HTTPSConnection object at 0x....>, 'Connection to www.google.com timed out. (connect timeout=None)')",883
GET,/sorry/index?continue=https://www.google.com/search%3Fq%3Dlocust&q=EgRmAAZiGLfnqr4GIjCesiDv-vgKVHnrvdgX5PT3grk1XFf3nj9G_rbLdxVCX-EF_Lvkz-gaZvWUzAtiF2gyBj5qY25kcloBQw,"ConnectionResetError(10054, 'An existing connection was forcibly closed by the remote host', None, 10054, None)",3
GET,/sorry/index?continue=https://www.google.com/search%3Fq%3Dlocust&q=EgRmAAZiGLTnqr4GIjCxfxuKyDg1BLqx64ZO0yloMNIVdlJeIpxGPm1NjAxpC1Vc3HDclfVXlOAnoFrNp50yBj5qY25kcloBQw,"ConnectionResetError(10054, 'An existing connection was forcibly closed by the remote host', None, 10054, None)",1
GET,/sorry/index?continue=https://www.google.com/search%3Fq%3Dlocust&q=EgRmAAZiGMTnqr4GIjAS4fqplyb6mJUWzIVV5ojepyoPa2XZO1P5e7FOnvVpMejdpe3xXbuumx-Nb0L7LJkyBj5qY25kcloBQw,"ConnectionResetError(10054, 'An existing connection was forcibly closed by the remote host', None, 10054, None)",2
GET,/sorry/index?continue=https://www.google.com/search%3Fq%3Dlocust&q=EgRmAAZiGMDnqr4GIjC_-En6s-FsQe18ieX_M1xMf1s1sO4mDYHDl3UmBgjXxaB2Un4KdC6sp-vw5E8XKZoyBj5qY25kcloBQw,"ConnectionResetError(10054, 'An existing connection was forcibly closed by the remote host', None, 10054, None)",1
GET,"/search?q=locust&google_abuse=GOOGLE_ABUSE_EXEMPTION%3DID%3Dd1db7fb6320e6c45:TM%3D1741337527:C%3D%3E:IP%3D102.0.6.98-:S%3DTMzRxoYaf46rbGa6whb96g%3B+path%3D/%3B+domain%3Dgoogle.com%3B+expires%3DFri,+07-Mar-2025+11:52:07+GMT","ConnectionResetError(10054, 'An existing connection was forcibly closed by the remote host', None, 10054, None)",1
GET,/search?q=locust,"ConnectionAbortedError(10053, 'An established connection was aborted by the software in your host machine', None, 10053, None)",1
GET,/sorry/index?continue=https://www.google.com/search%3Fq%3Dlocust&q=EgRmAAZiGMXnqr4GIjBFpArU6CxrNwRIAMc-aXEfTC4uUmfc2ztVIUUZOMsPepg2j82VEuJ0tu9LfVW9xc8yBj5qY25kcloBQw,"ConnectionResetError(10054, 'An existing connection was forcibly closed by the remote host', None, 10054, None)",1
GET,"/search?q=locust&google_abuse=GOOGLE_ABUSE_EXEMPTION%3DID%3Dca160d400a967b37:TM%3D1741337525:C%3D%3E:IP%3D102.0.6.98-:S%3DjBJunCYlW_wStjMrtDymRA%3B+path%3D/%3B+domain%3Dgoogle.com%3B+expires%3DFri,+07-Mar-2025+11:52:05+GMT","ConnectionResetError(10054, 'An existing connection was forcibly closed by the remote host', None, 10054, None)",1
GET,/sorry/index?continue=https://www.google.com/search%3Fq%3Dlocust&q=EgRmAAZiGMvnqr4GIjBIQWCvbt0Js9PWFuw-inA-5-ZZYkxHtaPjm73pgmg_Qq3mWCrQCnmr1zrXx2wnJVgyBj5qY25kcloBQw,"ConnectionResetError(10054, 'An existing connection was forcibly closed by the remote host', None, 10054, None)",1
GET,/sorry/index?continue=https://www.google.com/search%3Fq%3Dlocust&q=EgRmAAZiGLjnqr4GIjAhWuIWqvYxZxr9b9tMyJvnzRE4-to96S1CmRGJhKgMG-41Fu587WKZv1D3quxtjV4yBj5qY25kcloBQw,"ConnectionResetError(10054, 'An existing connection was forcibly closed by the remote host', None, 10054, None)",1
GET,/sorry/index?continue=https://www.google.com/search%3Fq%3Dlocust&q=EgRmAAZiGLbnqr4GIjB__tUKfQVCQf73bPTZBK-RMElynnAS4x7LFPfMs3CiOfGSxR74sFOsqo0eA08eF68yBj5qY25kcloBQw,"ConnectionResetError(10054, 'An existing connection was forcibly closed by the remote host', None, 10054, None)",1
GET,"/search?q=locust&google_abuse=GOOGLE_ABUSE_EXEMPTION%3DID%3Dc437681091c8d477:TM%3D1741337524:C%3D%3E:IP%3D102.0.6.98-:S%3Dl0jhHDcnCN4_9M59gxRgQA%3B+path%3D/%3B+domain%3Dgoogle.com%3B+expires%3DFri,+07-Mar-2025+11:52:04+GMT","ConnectionResetError(10054, 'An existing connection was forcibly closed by the remote host', None, 10054, None)",1
GET,"/search?q=locust&google_abuse=GOOGLE_ABUSE_EXEMPTION%3DID%3D13f0fa9957354f40:TM%3D1741337535:C%3D%3E:IP%3D102.0.6.98-:S%3DYvWr_suevxfwakJyH792hg%3B+path%3D/%3B+domain%3Dgoogle.com%3B+expires%3DFri,+07-Mar-2025+11:52:15+GMT","ConnectionResetError(10054, 'An existing connection was forcibly closed by the remote host', None, 10054, None)",1
GET,/search?q=locust,"ConnectionResetError(10054, 'An existing connection was forcibly closed by the remote host', None, 10054, None)",122
GET,"/search?q=locust&google_abuse=GOOGLE_ABUSE_EXEMPTION%3DID%3D1d310ebedd92df70:TM%3D1741337549:C%3D%3E:IP%3D102.0.6.98-:S%3Dce62HGEZnq56w2kGNERnIA%3B+path%3D/%3B+domain%3Dgoogle.com%3B+expires%3DFri,+07-Mar-2025+11:52:29+GMT","ConnectionResetError(10054, 'An existing connection was forcibly closed by the remote host', None, 10054, None)",1
GET,"/search?q=locust&google_abuse=GOOGLE_ABUSE_EXEMPTION%3DID%3Da36264f1fae74692:TM%3D1741337524:C%3D%3E:IP%3D102.0.6.98-:S%3D5eRZKczJzVMm9wTAKo63rA%3B+path%3D/%3B+domain%3Dgoogle.com%3B+expires%3DFri,+07-Mar-2025+11:52:04+GMT","ConnectionResetError(10054, 'An existing connection was forcibly closed by the remote host', None, 10054, None)",1
GET,/sorry/index?continue=https://www.google.com/search%3Fq%3Dlocust&q=EgRmAAZiGMrnqr4GIjDJVqpRAyZ3A1DP2Rr9IetKh8iQDNV_9d7FOo4QnzX91PAueyfQtV_wr3CRYbQVcD0yBj5qY25kcloBQw,"ConnectionResetError(10054, 'An existing connection was forcibly closed by the remote host', None, 10054, None)",2
GET,/sorry/index?continue=https://www.google.com/search%3Fq%3Dlocust&q=EgRmAAZiGL_nqr4GIjDgh240C1xIevW5Jljc-F_uJXM-E2lxDBRTaLXDOUlVtKcZZEUCpxFUDB1Xk7tUPMwyBj5qY25kcloBQw,"ConnectionResetError(10054, 'An existing connection was forcibly closed by the remote host', None, 10054, None)",1
GET,"/search?q=locust&google_abuse=GOOGLE_ABUSE_EXEMPTION%3DID%3D21a35d174539e4c0:TM%3D1741337538:C%3D%3E:IP%3D102.0.6.98-:S%3DDU7EJ90SQdnKWOVdayOg_A%3B+path%3D/%3B+domain%3Dgoogle.com%3B+expires%3DFri,+07-Mar-2025+11:52:18+GMT","ConnectionResetError(10054, 'An existing connection was forcibly closed by the remote host', None, 10054, None)",1
GET,"/search?q=locust&google_abuse=GOOGLE_ABUSE_EXEMPTION%3DID%3D7efa90e6a0d2232e:TM%3D1741337533:C%3D%3E:IP%3D102.0.6.98-:S%3D_2sTLOHSNyZYpaNEZ_tHFA%3B+path%3D/%3B+domain%3Dgoogle.com%3B+expires%3DFri,+07-Mar-2025+11:52:13+GMT","ConnectionResetError(10054, 'An existing connection was forcibly closed by the remote host', None, 10054, None)",1
GET,/sorry/index?continue=https://www.google.com/search%3Fq%3Dlocust&q=EgRmAAZiGLnnqr4GIjAnnFQ_BQtySNfz08qI-ei6JaZ9XMqCWnjz3IGZclRAB1Usbqb6iAYW5Pk_RjiuSmwyBj5qY25kcloBQw,"ConnectionResetError(10054, 'An existing connection was forcibly closed by the remote host', None, 10054, None)",2
GET,/sorry/index?continue=https://www.google.com/search%3Fq%3Dlocust&q=EgRmAAZiGNTnqr4GIjCljUbjeRBfD0LRlRMCN3LiUbLKPQ7vbTeA5SfcTtrsy0c-qqEUfAGdqmuLNNGc0ssyBj5qY25kcloBQw,"ConnectionResetError(10054, 'An existing connection was forcibly closed by the remote host', None, 10054, None)",1
GET,/search?q=locust,HTTPError('429 Client Error: Too Many Requests for url: /search?q=locust'),1475
GET,"/search?q=locust&google_abuse=GOOGLE_ABUSE_EXEMPTION%3DID%3D0ccf1ece59c6138f:TM%3D1741337538:C%3D%3E:IP%3D102.0.6.98-:S%3Dr-sSg7BVlI14HnWkB14RKA%3B+path%3D/%3B+domain%3Dgoogle.com%3B+expires%3DFri,+07-Mar-2025+11:52:18+GMT","ConnectionResetError(10054, 'An existing connection was forcibly closed by the remote host', None, 10054, None)",1
GET,"/search?q=locust&google_abuse=GOOGLE_ABUSE_EXEMPTION%3DID%3De5d12533e90a4fd3:TM%3D1741337527:C%3D%3E:IP%3D102.0.6.98-:S%3D8zUIvc7j8H8FEmnUHMJ22Q%3B+path%3D/%3B+domain%3Dgoogle.com%3B+expires%3DFri,+07-Mar-2025+11:52:07+GMT","ConnectionResetError(10054, 'An existing connection was forcibly closed by the remote host', None, 10054, None)",1
GET,"/search?q=locust&google_abuse=GOOGLE_ABUSE_EXEMPTION%3DID%3D15e29a981c961895:TM%3D1741337531:C%3D%3E:IP%3D102.0.6.98-:S%3DlBoxbi9IPe9C0lykg0h9Dg%3B+path%3D/%3B+domain%3Dgoogle.com%3B+expires%3DFri,+07-Mar-2025+11:52:11+GMT","ConnectionResetError(10054, 'An existing connection was forcibly closed by the remote host', None, 10054, None)",1
GET,/search?q=locust,RemoteDisconnected('Remote end closed connection without response'),584
